{
	"scene" : {
		"node_count" : 6,
		"process_count" : 1,
		"state_space_shape" : [6, 2, 2, 2],
		"tree" : {
			"row_nodes" : [1, 1, 1, 2, 2],
			"column_nodes" : [0, 2, 5, 3, 4],
			"edge_rate_scaling_factors" : [0.5, 0.5, 0.5, 0.5, 0.5],
			"edge_processes" : [0, 0, 0, 0, 0]
		},
		"root_prior" : {
			"states" : [
				[0, 1, 0, 0],
				[0, 1, 0, 1],
				[0, 1, 1, 0],
				[0, 1, 1, 1],
				[1, 1, 0, 0],
				[1, 1, 0, 1],
				[1, 1, 1, 0],
				[1, 1, 1, 1],
				[2, 0, 1, 0],
				[2, 0, 1, 1],
				[2, 1, 1, 0],
				[2, 1, 1, 1],
				[3, 0, 1, 0],
				[3, 0, 1, 1],
				[3, 1, 1, 0],
				[3, 1, 1, 1],
				[4, 0, 0, 1],
				[4, 0, 1, 1],
				[4, 1, 0, 1],
				[4, 1, 1, 1],
				[5, 0, 0, 1],
				[5, 0, 1, 1],
				[5, 1, 0, 1],
				[5, 1, 1, 1]
			],
			"probabilities" : [
				0.041666666666666664, 0.041666666666666664,
				0.041666666666666664, 0.041666666666666664,
				0.041666666666666664, 0.041666666666666664,
				0.041666666666666664, 0.041666666666666664,
				0.041666666666666664, 0.041666666666666664,
				0.041666666666666664, 0.041666666666666664,
				0.041666666666666664, 0.041666666666666664,
				0.041666666666666664, 0.041666666666666664,
				0.041666666666666664, 0.041666666666666664,
				0.041666666666666664, 0.041666666666666664,
				0.041666666666666664, 0.041666666666666664,
				0.041666666666666664, 0.041666666666666664
			]
		},
		"process_definitions" : [{
			"row_states" : [
				[0, 1, 0, 0],
				[0, 1, 0, 1],
				[0, 1, 1, 0],
				[0, 1, 1, 0],
				[0, 1, 1, 1],
				[0, 1, 1, 1],
				[1, 1, 0, 0],
				[1, 1, 0, 1],
				[1, 1, 1, 0],
				[1, 1, 1, 0],
				[1, 1, 1, 1],
				[1, 1, 1, 1],
				[2, 0, 1, 0],
				[2, 0, 1, 1],
				[2, 0, 1, 1],
				[2, 1, 1, 0],
				[2, 1, 1, 0],
				[2, 1, 1, 1],
				[2, 1, 1, 1],
				[2, 1, 1, 1],
				[3, 0, 1, 0],
				[3, 0, 1, 1],
				[3, 0, 1, 1],
				[3, 1, 1, 0],
				[3, 1, 1, 0],
				[3, 1, 1, 1],
				[3, 1, 1, 1],
				[3, 1, 1, 1],
				[4, 0, 0, 1],
				[4, 0, 1, 1],
				[4, 0, 1, 1],
				[4, 1, 0, 1],
				[4, 1, 1, 1],
				[4, 1, 1, 1],
				[5, 0, 0, 1],
				[5, 0, 1, 1],
				[5, 0, 1, 1],
				[5, 1, 0, 1],
				[5, 1, 1, 1],
				[5, 1, 1, 1],
				[0, 1, 0, 0],
				[0, 1, 0, 0],
				[0, 1, 0, 1],
				[0, 1, 0, 1],
				[0, 1, 1, 0],
				[0, 1, 1, 0],
				[0, 1, 1, 1],
				[0, 1, 1, 1],
				[1, 1, 0, 0],
				[1, 1, 0, 0],
				[1, 1, 0, 1],
				[1, 1, 0, 1],
				[1, 1, 1, 0],
				[1, 1, 1, 0],
				[1, 1, 1, 1],
				[1, 1, 1, 1],
				[2, 0, 1, 0],
				[2, 0, 1, 0],
				[2, 0, 1, 1],
				[2, 0, 1, 1],
				[2, 1, 1, 0],
				[2, 1, 1, 0],
				[2, 1, 1, 1],
				[2, 1, 1, 1],
				[3, 0, 1, 0],
				[3, 0, 1, 0],
				[3, 0, 1, 1],
				[3, 0, 1, 1],
				[3, 1, 1, 0],
				[3, 1, 1, 0],
				[3, 1, 1, 1],
				[3, 1, 1, 1],
				[4, 0, 0, 1],
				[4, 0, 0, 1],
				[4, 0, 1, 1],
				[4, 0, 1, 1],
				[4, 1, 0, 1],
				[4, 1, 0, 1],
				[4, 1, 1, 1],
				[4, 1, 1, 1],
				[5, 0, 0, 1],
				[5, 0, 0, 1],
				[5, 0, 1, 1],
				[5, 0, 1, 1],
				[5, 1, 0, 1],
				[5, 1, 0, 1],
				[5, 1, 1, 1],
				[5, 1, 1, 1]
			],

			"column_states" : [
				[1, 1, 0, 0],
				[1, 1, 0, 1],
				[1, 1, 1, 0],
				[2, 1, 1, 0],
				[1, 1, 1, 1],
				[2, 1, 1, 1],
				[0, 1, 0, 0],
				[0, 1, 0, 1],
				[0, 1, 1, 0],
				[3, 1, 1, 0],
				[0, 1, 1, 1],
				[3, 1, 1, 1],
				[3, 0, 1, 0],
				[3, 0, 1, 1],
				[4, 0, 1, 1],
				[0, 1, 1, 0],
				[3, 1, 1, 0],
				[0, 1, 1, 1],
				[3, 1, 1, 1],
				[4, 1, 1, 1],
				[2, 0, 1, 0],
				[2, 0, 1, 1],
				[5, 0, 1, 1],
				[1, 1, 1, 0],
				[2, 1, 1, 0],
				[1, 1, 1, 1],
				[2, 1, 1, 1],
				[5, 1, 1, 1],
				[5, 0, 0, 1],
				[2, 0, 1, 1],
				[5, 0, 1, 1],
				[5, 1, 0, 1],
				[2, 1, 1, 1],
				[5, 1, 1, 1],
				[4, 0, 0, 1],
				[3, 0, 1, 1],
				[4, 0, 1, 1],
				[4, 1, 0, 1],
				[3, 1, 1, 1],
				[4, 1, 1, 1],
				[0, 1, 0, 1],
				[0, 1, 1, 0],
				[0, 1, 0, 0],
				[0, 1, 1, 1],
				[0, 1, 0, 0],
				[0, 1, 1, 1],
				[0, 1, 0, 1],
				[0, 1, 1, 0],
				[1, 1, 0, 1],
				[1, 1, 1, 0],
				[1, 1, 0, 0],
				[1, 1, 1, 1],
				[1, 1, 0, 0],
				[1, 1, 1, 1],
				[1, 1, 0, 1],
				[1, 1, 1, 0],
				[2, 0, 1, 1],
				[2, 1, 1, 0],
				[2, 0, 1, 0],
				[2, 1, 1, 1],
				[2, 0, 1, 0],
				[2, 1, 1, 1],
				[2, 0, 1, 1],
				[2, 1, 1, 0],
				[3, 0, 1, 1],
				[3, 1, 1, 0],
				[3, 0, 1, 0],
				[3, 1, 1, 1],
				[3, 0, 1, 0],
				[3, 1, 1, 1],
				[3, 0, 1, 1],
				[3, 1, 1, 0],
				[4, 0, 1, 1],
				[4, 1, 0, 1],
				[4, 0, 0, 1],
				[4, 1, 1, 1],
				[4, 0, 0, 1],
				[4, 1, 1, 1],
				[4, 0, 1, 1],
				[4, 1, 0, 1],
				[5, 0, 1, 1],
				[5, 1, 0, 1],
				[5, 0, 0, 1],
				[5, 1, 1, 1],
				[5, 0, 0, 1],
				[5, 1, 1, 1],
				[5, 0, 1, 1],
				[5, 1, 0, 1]
			],

			"transition_rates" : [
				0.42857142857142855, 0.42857142857142855, 0.42857142857142855, 0.42857142857142855, 0.42857142857142855, 0.42857142857142855, 0.42857142857142855, 0.42857142857142855, 0.42857142857142855, 0.42857142857142855, 0.42857142857142855, 0.42857142857142855, 0.42857142857142855, 0.42857142857142855, 0.42857142857142855, 0.42857142857142855, 0.42857142857142855, 0.42857142857142855, 0.42857142857142855, 0.42857142857142855, 0.42857142857142855, 0.42857142857142855, 0.42857142857142855, 0.42857142857142855, 0.42857142857142855, 0.42857142857142855, 0.42857142857142855, 0.42857142857142855, 0.42857142857142855, 0.42857142857142855, 0.42857142857142855, 0.42857142857142855, 0.42857142857142855, 0.42857142857142855, 0.42857142857142855, 0.42857142857142855, 0.42857142857142855, 0.42857142857142855, 0.42857142857142855, 0.42857142857142855, 1, 1, 1, 1, 1, 1, 1, 1, 1, 1, 1, 1, 1, 1, 1, 1, 1, 1, 1, 1, 1, 1, 1, 1, 1, 1, 1, 1, 1, 1, 1, 1, 1, 1, 1, 1, 1, 1, 1, 1, 1, 1, 1, 1, 1, 1, 1, 1
			]

		}],
		"observed_data" : {
			"nodes" : [0, 0, 0, 0, 3, 4, 5],
			"variables" : [0, 1, 2, 3, 0, 0, 0],
			"iid_observations" : [
				[0, 1, 0, 1, 4, 5, 1]
			]
		}
	},
	"requests" : [{"property" : "SNNLOGL"}]
}

